Attendance,Hours_Studied,Previous_Scores,Access_to_Resources,Parental_Involvement,Exam_Score
0.6109970891133024,0.8701357508039455,1.522470150710196,-0.14246265213453213,-1.5613844014779978,69.0
